,,label,blocks_mined,crops_harvested,logs_broken,fish_caught,mobs_killed,blocks_placed,items_enchanted,items_crafted,potions_brewed,animals_bred
,,farmer,7997,9539,2190,1010,5721,8871,9088,3146,6017,6901
,,farmer,1629,9657,7533,8190,6562,8287,3470,2762,6471,3882
,,lumberjack,2410,4905,9218,4650,2156,4956,3599,7266,4502,8872
,,miner,8737,5954,8485,8597,1906,2900,6339,8294,1471,7853
,,lumberjack,3516,2926,9999,3635,3566,5774,9380,2212,7379,9617
,,hunter,1335,4618,6642,8787,9608,9530,2788,6544,7754,2054
,,crafter,6792,5915,3799,3541,1292,8584,4164,9442,5252,7350
,,builder,4869,5093,5191,6219,7872,8217,6562,1260,6203,2574
,,fisherman,5500,2689,6857,9504,7045,4768,6824,5964,5104,3141
,,hunter,2346,1634,8614,4033,9058,3537,5743,8192,3461,2435
,,fisherman,8085,2254,4541,9240,2824,5139,4355,8179,2888,1828
,,crafter,3067,8134,6511,9262,9231,8873,2444,9944,7866,4004
,,miner,8345,2303,3558,2851,5854,6075,7943,7635,5002,6550
,,fisherman,9180,8964,2916,9189,8608,8456,2991,6425,4191,2683
,,farmer,4336,9658,8622,4186,3855,8068,5407,7799,8061,5488
,,farmer,7453,9281,6650,4296,1719,4487,5559,4870,5731,9198
,,builder,3334,7461,5475,9285,6838,9380,6205,2461,1521,8197
,,animal breeder,3466,5783,5065,4027,6659,3047,7646,2377,7813,8696
,,animal breeder,6296,1563,7583,8447,7614,4190,5194,1946,1044,8851
,,animal breeder,6916,9053,5974,1604,1988,6259,4047,2479,8899,9508
,,builder,1074,4884,3355,1248,7423,9552,5411,8035,1070,9088
,,miner,8913,2078,4862,3172,2872,8327,4408,7287,7770,1981
,,miner,9410,5598,1704,5775,3694,1945,1602,6208,4684,4121
,,fisherman,7583,1156,1665,9185,7948,1269,7007,4753,5239,3178
,,lumberjack,2622,6306,9710,5430,1720,3906,5048,8136,1108,1848
,,lumberjack,1644,6439,9637,1904,8924,5804,2428,6767,8212,8293
,,fisherman,5017,5750,3948,8816,4966,7682,5834,8693,8328,7643
,,crafter,2557,7209,6375,2171,4287,7431,4674,8497,4584,6723
,,lumberjack,2040,3896,9045,4866,2205,5101,5324,4551,8702,6024
,,miner,9969,3008,8379,4521,7988,5278,6122,9312,3900,9501
,,farmer,6154,8711,1774,5352,3250,7700,3063,3397,4937,8161
,,builder,5526,8356,8447,3586,7527,9891,1964,5674,1085,9002
,,hunter,7828,6464,3780,1091,8715,6958,4488,5979,3720,7742
,,farmer,2552,9829,8813,4671,3868,8375,8330,6617,7729,4944
,,lumberjack,3690,6994,9547,5816,2972,8824,5187,7096,6063,3881
,,alchemist,8804,2696,3932,7336,8934,1946,2296,2174,9775,4587
,,builder,3182,3912,4035,4157,2640,7647,3633,5745,5121,4964
,,hunter,2169,4521,7763,8998,9368,6070,1833,8629,5469,7576
,,farmer,6225,9391,3721,9167,1756,2059,4730,6180,6195,2104
,,lumberjack,8976,2377,9368,4689,5931,2958,9367,2018,2471,3111
,,builder,4971,1499,3225,8046,5537,9180,2177,1542,4843,6349
,,crafter,2144,2935,1209,8818,6963,6438,2550,8991,3758,7116
,,lumberjack,6469,4862,9984,3598,7051,7504,8396,3131,6977,2596
,,lumberjack,3645,3364,9679,1887,2826,1133,6995,8916,8865,1911
,,miner,9971,9047,4234,1637,6527,6592,8320,4602,9281,2275
,,hunter,5529,2217,2494,4459,9833,9222,1093,4376,2136,4727
,,fisherman,2212,3216,9353,9951,3004,8077,2978,5899,6710,3071
,,crafter,5906,5581,7674,6137,7421,5641,1301,9407,2906,4222
,,farmer,6742,7947,3398,3598,6450,3295,3194,4094,7085,4654
,,animal breeder,8866,1098,8478,5263,4586,2051,4105,6437,2519,9035
,,alchemist,5917,2665,1582,2375,7205,2574,8840,7576,9856,5609
,,crafter,3341,7545,2930,7387,8813,2679,2151,9373,6086,7427
,,hunter,3665,4746,4911,1753,9424,7030,2430,1362,7596,1392
,,hunter,2198,3156,9786,2475,9951,7925,4468,6526,8971,3170
,,enchanter,4307,3676,2101,4638,9448,4994,9480,1720,3368,7761
,,enchanter,4733,9428,8799,8746,1170,9097,9955,5515,2829,8494
,,fisherman,5554,2254,3097,9683,5642,7856,1506,4591,3019,5306
,,crafter,3185,9080,1543,1313,6292,1918,1133,9589,9110,3097
,,builder,4954,3726,9394,3789,1128,9441,1639,7248,4175,8175
,,farmer,3348,8030,6968,5928,2532,7825,8001,5439,3864,6668
,,builder,4254,2391,6954,2414,7846,8289,3867,6588,4906,4561
,,miner,9842,7605,9060,5855,9112,8029,6123,7722,1269,1359
,,lumberjack,1844,4005,6941,4426,5331,1278,3893,6175,1307,3029
,,builder,5551,8867,9209,8263,1952,9624,3031,1670,6176,9264
,,animal breeder,3913,2634,4904,7051,1525,6324,1970,3203,4950,8965
,,enchanter,2802,8626,2157,9051,7311,3856,9907,8609,1814,9098
,,fisherman,3483,9658,4859,9669,8753,6357,9247,7654,4218,9299
,,builder,1954,9800,2691,7041,2140,9850,1512,1826,6092,8502
,,builder,3859,4897,2988,1842,6170,9988,6845,9299,3090,3349
,,miner,9525,4248,5492,7181,8193,8605,1917,7947,6185,4737
,,crafter,5656,8552,7678,1771,4585,5863,3593,8726,3307,7230
,,alchemist,3701,6406,8216,5207,7228,5815,4530,8150,9370,2202
,,miner,9056,4770,5750,6752,5330,9050,4321,2383,5498,7887
,,miner,8760,4819,3755,6401,2170,3895,8505,6050,8419,3554
,,enchanter,4491,3670,3830,3978,8968,7289,9920,4766,8977,1502
,,farmer,4430,9936,4697,7664,8395,6164,2128,9244,9260,3028
,,animal breeder,9447,8335,1665,7269,4654,7606,1731,4103,9094,9451
,,fisherman,6978,7613,1729,9790,3665,6026,9543,5215,8064,6269
,,hunter,3439,8827,2248,1720,9082,6412,1580,9074,4607,1100
,,farmer,4657,9309,4300,8056,5265,8460,8137,5598,7423,1103
,,farmer,9393,9467,4817,3776,2579,8317,5757,5199,8639,1722
,,fisherman,7089,5246,2835,9437,7821,9039,5718,7702,3316,2070
,,alchemist,4445,3131,6344,3079,2036,3994,1359,6734,7143,7025
,,farmer,3019,9566,3112,7496,5728,4293,1561,1615,4520,6858
,,farmer,9263,9410,7557,5061,2187,4849,5419,7371,4452,3080
,,miner,9609,5198,6180,8457,3405,2396,4967,2264,5443,4000
,,enchanter,7568,5486,2128,7220,9641,8181,9700,7250,2577,6281
,,farmer,9689,9750,8539,2772,7580,5051,6778,3163,5011,6840
,,farmer,5268,9398,4783,5707,1291,1058,5013,4472,1162,3454
,,farmer,7149,9692,6353,6943,6606,3972,5534,4636,2664,5837
,,builder,5459,6126,5258,5986,8197,9982,5859,3172,1567,1897
,,farmer,1408,9455,3051,7339,2322,2252,6892,1198,4548,8036
,,hunter,1310,1951,4586,1899,9289,3444,6508,4432,6944,3745
,,miner,9944,8288,8126,1209,3582,7563,5622,6352,2120,7768
,,alchemist,5231,7377,8692,5879,6837,6164,2051,7278,9427,3368
,,animal breeder,6652,2397,6995,8126,3726,3532,6985,5768,6083,8360
,,miner,9757,9101,6724,2133,2822,4637,7789,1135,1136,6818
,,miner,7827,3924,5139,3979,4657,3612,1831,4114,5805,4893
,,crafter,4007,9558,5086,8408,5918,3399,2270,9810,1591,4247
,,fisherman,9166,7079,7288,9643,5942,3244,1255,2894,5801,7443
,,hunter,4811,1676,2818,8065,9201,2324,4677,4171,6249,2071
,,builder,1086,6681,3366,9541,6381,9762,6687,5413,2808,7848
,,lumberjack,2321,4677,9802,5799,2511,6499,4084,9389,8890,3300
,,enchanter,2419,7971,7641,1071,7669,3911,8744,1573,1570,3760
,,miner,9114,8509,6567,3660,8606,8054,5477,6251,4033,3671
,,farmer,3455,9174,8581,3143,3043,3209,3863,7233,2485,5294
,,animal breeder,7892,8148,1865,2597,4666,1236,9407,2383,7439,9556
,,hunter,7357,1270,5258,4574,9981,7787,1862,3799,4623,4378
,,builder,5973,7123,4823,2901,1569,8008,6592,3114,4376,2775
,,miner,9750,6385,2435,5542,9140,9514,5578,8038,5306,6202
,,builder,6471,1969,7686,8105,7803,8840,5659,6855,3294,8357
,,lumberjack,1254,2727,9678,8935,6120,3944,8038,5859,1394,8804
,,builder,2605,1943,6038,8059,5194,8892,6439,6647,4797,8087
,,hunter,4218,7127,4785,1015,8116,1883,1059,4811,3909,7303
,,alchemist,9389,3586,8991,3106,2258,3925,1382,7735,9900,8593
,,miner,8768,5992,4104,3154,6203,4933,3537,4566,3792,2098
,,hunter,3226,1686,4708,9087,9756,6175,6016,5371,1825,8364
,,farmer,7741,8449,4002,1179,7319,5519,2214,2789,5107,7716
,,lumberjack,7260,6889,9073,3711,2374,5927,1555,7732,4204,1360
,,miner,9985,7443,1379,9234,2860,7666,5268,3681,4009,9963
,,fisherman,2456,1569,1764,9843,7260,8986,4548,1494,3067,4442
,,hunter,4171,1863,6579,4186,9434,8628,7664,4944,5979,1447
,,builder,5648,7754,5794,5043,5815,9413,3821,8015,1594,6226
,,animal breeder,5327,6785,7726,7545,3976,6984,1617,6639,3486,8008
,,crafter,1131,7876,6022,4735,1974,7947,7698,8963,3299,6152
,,fisherman,2985,4873,2566,9377,7669,2932,3145,2895,7244,3261
,,builder,5698,8537,3119,4589,2417,9362,6588,3643,3786,2548
,,fisherman,9619,9668,9615,9892,6018,6113,9382,2144,8890,7475
,,alchemist,4175,3152,3150,4084,1575,3627,1309,3734,6981,4688
,,crafter,2098,1330,2490,3185,3588,4328,1849,9788,7255,5226
,,miner,9344,6390,8219,7110,5799,7939,5755,5693,7873,8957
,,enchanter,6501,6476,1048,7487,2711,7732,9365,2298,1279,5016
,,alchemist,1537,6505,6561,6036,6626,8162,4753,5263,9953,1698
,,fisherman,4090,4781,2779,9348,5647,1428,1794,5377,1064,3352
,,alchemist,5886,3283,2121,6231,8244,9019,6161,8368,9205,9008
,,farmer,9065,9742,6826,8369,1229,8302,4064,5472,6876,3678
,,lumberjack,7362,8341,8748,7622,4321,4002,8513,6760,2110,7278
,,builder,5306,8314,8163,1861,7798,8428,2289,1231,6513,7978
,,miner,8607,6101,5381,4583,3573,2629,5556,1472,3926,7150
,,lumberjack,1519,1069,5482,2625,2730,1541,1328,1440,1016,2868
,,farmer,6239,8960,1039,2008,2340,7482,6704,8258,6537,6869
,,builder,6329,7872,7278,6268,6975,9383,7708,5264,8398,6734
,,alchemist,1857,1134,6606,1002,1674,2731,2650,5125,8846,3043
,,farmer,7835,9703,8600,7910,5483,3722,1680,5435,5256,3459
,,miner,9794,6773,6504,3480,3421,6045,7957,8944,3911,1443
,,alchemist,6452,2107,3996,5290,7147,5233,7432,5339,8512,3313
,,fisherman,5587,5435,4343,9595,8704,3521,3290,5872,8102,3889
,,fisherman,5214,7276,2486,9573,9334,2872,3157,5987,6280,8978
,,fisherman,3212,4631,3674,8609,6315,5281,1619,8357,6381,6160
,,lumberjack,7167,5378,8335,2044,5851,5063,1789,3807,4943,7958
,,miner,9379,2151,1536,5101,4197,7958,8577,4578,7394,2340
,,fisherman,4209,1010,5788,7244,1996,1820,3972,2782,6940,2770
,,fisherman,7485,1827,3498,9115,2983,8712,7411,2847,6403,6475
,,fisherman,6266,4953,1064,7328,2362,6790,3849,3552,5520,7101
,,fisherman,9397,8300,3881,9769,4340,1033,1809,1295,6377,2587
,,farmer,4064,6287,4825,6232,2340,5622,3510,4331,2238,3533
,,builder,3519,8579,5232,7593,9562,9813,7129,8516,6250,5442
,,hunter,5841,5919,3731,2496,9786,5015,3060,8583,7362,8671
,,alchemist,8784,6870,5924,1211,1444,1299,8027,7968,9110,5319
,,animal breeder,9386,2469,5135,4400,6746,7964,1960,5328,9286,9734
,,builder,2547,7521,6842,3431,8621,8881,8543,8048,1769,7520
,,hunter,1321,5505,1372,7167,9396,1716,1469,9362,5560,8866
,,animal breeder,7565,8525,6579,1326,8091,2100,5010,1374,1109,9809
,,hunter,3441,7710,5633,3498,9979,1841,8485,3499,5791,2875
,,builder,7284,7488,7140,1651,6824,8969,6557,1290,8141,6202
,,lumberjack,2968,7509,9833,9764,4421,4477,4360,1387,8072,8162
,,miner,9545,8930,4893,5265,2468,8282,1566,4770,1767,7153
,,alchemist,4702,1941,9169,5081,7751,6304,7529,2457,9392,1393
,,alchemist,3562,3094,8397,1983,5260,3352,8127,5744,9307,1740
,,fisherman,4729,9442,8893,9688,2619,4676,4288,9144,1021,3751
,,hunter,5811,5378,6927,8045,9678,2131,1063,2947,3511,5677
,,hunter,6820,9936,7031,5749,9955,3621,1471,2845,4859,8753
,,builder,5921,8222,9248,3236,6742,9605,1770,4180,6945,8506
,,enchanter,5582,7022,5753,3288,4072,1301,9774,7400,1108,4964
,,hunter,4385,4002,7157,1294,8635,7364,7900,6537,1508,8127
,,farmer,4136,8701,5406,7580,8277,1011,8116,7597,7437,1044
,,alchemist,7877,3263,7625,3810,8657,7981,7939,7899,9285,7750
,,enchanter,3716,3640,1437,5754,4287,8148,9790,8395,4898,8532
,,miner,9893,9134,7348,7265,9217,4311,3689,6939,8481,3916
,,miner,9859,3472,7966,1072,9074,6298,3168,7200,8708,7605
,,lumberjack,1310,8466,9577,3686,6264,1352,1809,5089,5809,1729
,,enchanter,4251,7206,5181,7930,3876,2523,8476,6295,3954,6251
,,fisherman,3152,4395,3854,9886,6993,4079,4295,8236,7885,8250
,,enchanter,8084,3768,2627,6998,1040,2776,9615,8752,6561,7758
,,farmer,5122,8992,6064,5710,5646,8615,4178,7818,5470,3622
,,crafter,1286,2055,3918,5773,6180,3392,1296,9417,7082,1354
,,hunter,6725,2630,5347,7510,9764,8453,3794,3182,7739,1624
,,animal breeder,6643,6523,6537,7393,4033,7616,3559,2324,8537,9571
,,farmer,9048,9689,7661,8037,4138,7565,4358,6812,7263,4388
,,fisherman,7742,1528,4497,9807,2909,5746,7520,6255,9237,5763
,,fisherman,4818,4728,2959,7776,1801,4197,6611,4345,7171,1369
,,fisherman,5962,6096,5444,9909,4266,1904,1645,2501,5879,4766
,,lumberjack,3008,7288,9223,8453,2528,3679,8068,1521,7295,3243
,,crafter,7122,8173,1811,6753,6866,3523,2428,9629,7837,1675
,,miner,9886,2193,4618,5323,7155,3716,4956,5409,3156,9806
,,enchanter,1595,6444,6523,1350,7848,7710,8251,2683,7231,5987
,,fisherman,4190,2026,6705,9749,2107,7188,2034,7141,5482,3196
,,enchanter,2025,3281,3489,7186,9172,5000,9808,7104,5109,5831
,,miner,9859,2486,1625,1314,7959,2297,5597,5516,9222,8765
,,fisherman,5650,7999,8772,9899,5329,6608,1656,5709,3527,1645
,,alchemist,5256,6483,1078,5738,8099,4843,4855,2224,8557,3882
,,enchanter,2443,5234,5823,8610,4059,7153,8672,2255,1232,5686
,,alchemist,6987,6254,1978,2231,2098,3270,5656,5396,7830,7665
,,builder,1948,6489,3311,7067,4841,9908,6321,1987,1486,2705
,,fisherman,9009,3718,3482,9681,3852,6823,9580,2100,9093,4299
,,crafter,6356,8556,9195,1448,6186,5717,6634,9394,5224,3897
,,enchanter,7821,2251,8389,7915,2524,3358,9289,4235,7402,9040
,,animal breeder,9554,1902,3285,3555,3791,4537,5324,5526,8325,9744
,,hunter,4209,2591,4182,7715,8553,7869,7063,1312,7127,5452
,,fisherman,2558,1848,6971,9135,5741,3773,1915,5189,6431,9122
,,miner,9886,6761,2903,1363,5531,8013,2735,5785,2445,7471
,,crafter,3380,5066,6394,2772,9437,2745,1518,9863,2982,4591
,,fisherman,4225,1160,4288,9820,6982,3433,6347,3059,9388,6455
,,crafter,8545,1822,3315,4741,5458,6595,6342,9856,4585,7096
,,hunter,5385,3989,6778,3258,8390,3229,1109,5185,1624,4846
,,fisherman,8442,2606,4441,9627,5930,6770,7145,2368,1278,2933
,,crafter,4116,3147,3454,5174,6069,9436,1304,9808,4375,7429
,,alchemist,3730,5853,8793,7061,8121,8806,2132,3496,8986,6761
,,lumberjack,1883,7727,9677,3189,6959,7554,2419,8982,5733,4447
,,lumberjack,8561,3618,8804,4414,8208,7564,3678,5010,1124,5612
,,lumberjack,8186,1073,9620,9348,6798,4286,2440,4574,8603,7348
,,fisherman,5242,7639,7165,9535,6953,2073,1162,5694,3296,2784
,,lumberjack,1338,3489,9197,6259,7406,3671,8350,5000,7502,7081
,,lumberjack,4481,7136,9815,9109,1251,6006,9495,5554,9032,6901
,,crafter,2849,3797,8684,5018,1883,6536,2609,9122,5781,3167
,,fisherman,8472,2793,8204,8619,2431,1035,7149,5547,7419,8187
,,animal breeder,7070,5872,7450,3954,1838,8239,2251,1984,9383,9567
,,crafter,5792,1979,8524,9122,8054,6216,5695,9182,8798,8164
,,lumberjack,5095,1487,9976,4764,7421,8003,3764,7489,6989,5676
,,lumberjack,5743,6745,9022,2982,1573,2412,6636,4092,2063,4750
,,hunter,6724,5062,6395,8973,9655,5594,3497,9372,9137,3616
,,hunter,6156,4167,4110,4973,8203,2264,2591,5136,8150,7821
,,lumberjack,9691,3888,9830,3530,4007,1555,5843,4432,2592,3252
,,hunter,5082,6936,8168,7033,9204,2845,5405,7783,5049,3003
,,crafter,8590,2230,3979,1887,8605,8746,6924,9298,4456,6390
,,builder,8404,2857,3387,2501,5849,9467,9386,5502,5411,3237
,,crafter,9499,9681,8823,3840,6486,2944,2089,9924,9013,7209
,,animal breeder,2681,8237,5798,8130,6995,7119,7511,7103,6450,8858
,,fisherman,4321,5445,5866,7568,2926,2566,5677,1495,3841,4499
,,farmer,3075,7829,6786,3640,5252,5626,5301,2272,1348,1533
,,alchemist,3867,5832,5549,6666,3018,9423,7964,8645,9520,9165
,,farmer,3619,9549,6483,3535,1039,3147,5547,2093,8796,6089
,,miner,9221,5942,4444,7484,1607,7501,5089,7486,5096,5892
,,animal breeder,3756,5315,5077,8195,4838,2260,4689,3462,9571,9592
,,lumberjack,1160,7170,9656,7442,7897,3263,2584,9143,2679,6647
,,fisherman,8071,1226,7006,9008,2274,2992,3698,8155,1417,7826
,,enchanter,1504,6919,1961,3677,6373,6107,8819,2184,4419,7993
,,farmer,4025,9569,3062,9479,6440,6062,2391,3140,1150,7967
,,alchemist,3307,5507,1502,7343,2449,3448,6880,6428,8192,7920
,,lumberjack,2371,8047,9772,1803,1874,8222,7677,3710,4697,5240
,,lumberjack,4476,4922,8450,7325,4554,8115,6502,6112,1100,4384
,,miner,9746,7790,2586,2780,7194,3643,1544,6193,1956,2663
,,farmer,2876,9806,7454,6945,6949,8220,6733,9200,9420,1374
,,fisherman,4874,3274,8462,9103,4590,5816,6780,8446,2844,4303
,,lumberjack,9357,4059,9853,9149,6698,7110,4004,5618,5569,3105
,,hunter,5541,4137,4471,1389,7274,6933,5359,1298,5486,1797
,,enchanter,1033,7719,2141,6546,7482,4404,8130,5354,5416,1562
,,hunter,5606,2389,1784,4208,9638,6762,9329,8515,2431,9134
,,animal breeder,2984,5231,3443,2675,1345,8939,6298,2054,9073,9769
,,animal breeder,9517,9375,2039,2903,8943,6959,9552,4935,5545,9924
,,farmer,1564,9988,7091,8211,8342,7431,9606,9055,4378,9900
,,hunter,9903,6532,8095,6171,9981,9893,2716,8642,8805,8226
,,enchanter,2176,6935,1827,9711,8051,4294,9814,8436,4856,2755
,,hunter,3861,7538,1793,8302,8541,7424,4128,4172,2659,8156
,,animal breeder,1492,3012,6905,2688,9218,5831,7587,6614,4212,9676
,,enchanter,6113,5144,7109,3782,6565,4549,9364,1514,3867,1161
,,miner,9434,7408,6644,2729,2643,2011,7873,4784,9151,9009
,,farmer,1521,8257,7436,4691,7712,1816,3470,4557,1189,1316
,,lumberjack,2534,1453,9627,7864,2095,5899,9493,5288,4487,4646
,,builder,6777,2155,5827,3292,7121,9684,3322,6653,2909,6052
,,farmer,2248,9054,8660,6044,1178,4483,3963,8531,5025,2846
,,hunter,4976,8218,2139,8562,9662,2616,8163,4653,1318,5762
,,crafter,5462,2151,6155,6869,8189,4941,9284,9350,6417,1733
,,builder,1663,5206,3239,8740,5835,9462,8239,3634,2039,2970
,,crafter,2125,7956,8114,3395,8553,8354,8747,9987,5693,8381
,,crafter,4397,6984,2026,6337,4572,8653,1784,9758,6765,9410
,,lumberjack,2983,4049,9735,8444,2425,7952,2015,3673,8200,8823
,,animal breeder,1381,2021,5706,8351,8221,5070,9007,6930,8452,9490
,,hunter,7136,1748,1344,1340,8097,4815,1868,5547,7498,2028
,,fisherman,2249,8073,5507,8460,6957,3027,5417,5823,5245,3900
,,builder,5904,2778,1987,6728,8205,8515,1671,2153,8347,5789
,,miner,7798,1436,4107,7337,1342,5965,3226,4837,2260,1690
,,lumberjack,5068,1285,8732,1676,2278,4527,6484,5856,4452,4599
,,crafter,6153,2043,4277,6705,3980,8570,6453,9198,1412,7294
,,enchanter,7991,5990,9396,3774,5540,5865,9598,4291,1974,1307
,,fisherman,6222,4206,8310,9990,4346,9188,4273,1711,1176,2725
,,farmer,4596,8897,7166,3348,3015,3924,2120,8683,6050,7052
,,crafter,2380,2876,3062,2318,3518,7855,9320,9754,5405,5072
,,alchemist,1060,8013,6065,1448,6831,4582,5995,3534,8489,1017
,,alchemist,3175,3371,2298,1555,9498,4076,5022,5889,9770,4003
,,miner,9535,6663,4568,8012,8134,1034,3303,4655,5794,4790
,,enchanter,1921,1974,5109,4989,5067,6709,8445,7119,4073,7146
,,enchanter,6105,4517,3693,3408,4332,3458,9557,1255,7991,2800
,,enchanter,7843,4487,9617,8424,2645,2113,9811,4452,4297,8024
,,farmer,5962,7667,2142,3870,5190,1676,4350,4300,1342,6875
,,alchemist,1849,1425,8140,8853,7870,8559,1405,2992,9742,5687
,,enchanter,6936,8956,6461,5242,3500,2354,9374,2501,2910,5095
,,builder,3448,3112,9044,7800,8334,9249,7705,7298,3426,8165
,,farmer,2018,7785,6771,4041,7200,4441,3645,2272,7761,7227
,,farmer,8542,8862,3152,2079,4653,3108,4835,8369,3555,3132
,,farmer,4391,6541,2553,2395,1855,4123,4079,5553,4853,2020
,,builder,7853,7174,6393,3526,4563,9482,2802,8597,5683,4848
,,farmer,1230,9954,3507,3285,2708,7427,7331,5469,9500,2099
,,lumberjack,3168,7931,9878,9529,4478,6255,4583,2376,9450,5508
,,miner,9877,9246,9806,6741,5624,4510,9515,3898,3568,6647
,,miner,9716,3240,6006,5647,2564,9604,6174,1316,4654,8585
,,enchanter,5272,6516,2965,5301,7895,8577,8983,5802,3584,5384
,,animal breeder,3239,3359,5142,2006,3980,3350,6452,4223,1836,9656
,,enchanter,4127,1646,5949,6406,7435,7241,9742,3587,8248,1788
,,alchemist,8191,1024,4825,3370,9238,6559,7480,1591,9697,3961
,,enchanter,6010,8669,7732,6079,7040,2780,8847,5510,2960,5828
,,animal breeder,4970,7695,1034,3351,2163,1835,3851,7936,6878,9739
,,farmer,3408,9965,9115,9878,7657,8843,6860,9023,3023,2180
,,hunter,5273,6402,8163,9553,9973,1478,1466,4407,2574,2354
,,lumberjack,5202,8155,8866,4801,3740,8035,5751,5014,4659,7272
,,alchemist,7321,7583,6187,3249,6961,5187,5255,3550,9471,6403
,,enchanter,4498,7540,6838,7872,3857,4300,8064,7907,7768,6021
,,farmer,9369,9896,5319,5553,2922,1912,2541,5343,2768,9675
,,crafter,4827,2511,3449,2057,5246,8558,4311,9826,6246,5040
,,farmer,3816,8815,2157,8759,1638,3558,2939,5635,3484,7303
,,builder,1537,2285,7701,4716,2219,9453,1044,1815,3567,3332
,,builder,5712,5518,6926,4940,4543,9367,1581,5287,4732,1396
,,crafter,4845,6005,8465,7564,1605,1034,4826,9809,5786,9116
,,farmer,3261,9884,6860,9438,8255,3802,1436,7034,9766,5529
,,enchanter,4323,1561,8094,1161,8251,4928,9605,9213,4427,5514
,,crafter,3780,8409,7632,8724,3730,1647,8171,9648,3204,2206
,,fisherman,6859,8155,3620,9506,5107,4152,8235,5240,4667,2967
,,farmer,7270,9182,7027,8123,1263,7885,2743,3059,1788,2238
,,hunter,2241,6352,4202,1660,9610,8842,6045,7873,9138,2783
,,crafter,6411,6202,5544,2393,3886,2207,5888,7590,3039,5336
,,crafter,3092,2904,5293,4455,3594,2379,2549,7998,2670,3417
,,farmer,8901,9556,7048,5175,6558,2641,2479,3832,6641,9121
,,fisherman,6779,7292,2764,9044,8272,4193,1709,9014,7268,5399
,,hunter,1530,5163,7862,8963,9888,7307,2448,6416,7000,2542
,,builder,4681,8212,1190,6037,1933,8416,4893,2036,1315,6108
,,lumberjack,7005,5060,9342,3209,3234,9284,7252,7448,6173,8676
,,enchanter,8562,2187,9596,7741,9659,1880,10000,8381,8015,8921
,,hunter,7859,3210,1126,7079,9595,1998,7731,4123,4481,4966
,,enchanter,1999,2361,3021,2981,6560,1452,6792,3182,3072,6464
,,farmer,1202,9502,5293,5321,6483,7057,4291,5878,3413,5221
,,hunter,3016,2433,8871,2560,8879,4909,4348,6685,3568,1984
,,enchanter,7673,3845,2717,7332,5350,6958,9415,4750,2694,2401
,,fisherman,5919,1886,7980,9824,7774,6169,3189,4572,5913,4894
,,alchemist,2280,6433,3887,7649,4488,7836,5374,2687,8088,5047
,,crafter,1619,6152,1536,3711,8647,1084,2424,9039,2953,8553
,,miner,9900,4899,4375,2430,1746,1476,1341,8968,6587,7989
,,animal breeder,7631,5508,5602,2170,3192,1951,7808,4772,1099,9665
,,builder,9250,7219,2657,9550,1620,9700,5103,8791,8894,6206
,,alchemist,4227,7847,7407,8113,5573,2080,8785,8096,9655,9237
,,alchemist,3358,8580,8006,7554,3131,7403,5912,1243,9206,7667
,,builder,8003,5414,4021,1681,4085,9641,3492,5397,6466,1249
,,miner,9511,5462,8235,6955,7751,4460,6880,1336,1996,1393
,,fisherman,6252,4429,7200,9223,6205,6212,4220,4938,2913,3805
,,builder,5166,2564,2182,3702,6789,8371,8193,6378,2596,1795
,,builder,6623,6646,6862,2970,4631,9049,6923,4887,3347,7941
,,crafter,8991,1444,9443,1300,7821,6837,7967,9916,4207,6855
,,lumberjack,3432,2963,9235,7343,6306,4739,3813,5542,2371,7572
,,lumberjack,4326,4924,9470,3268,5538,8312,5991,9022,4793,1150
,,builder,8204,7686,9559,7635,9598,9967,9463,5268,6654,3024
,,miner,7435,2823,1335,2448,5200,5677,2659,4480,6778,2757
,,enchanter,1529,7148,4956,4665,1373,1202,8169,2598,1954,3744
,,hunter,8945,2195,5625,5337,9219,5104,6102,5160,5360,2119
,,animal breeder,3626,7168,5845,8263,1758,6035,8276,4039,7937,8289
,,hunter,5666,6794,3281,6248,9497,6191,6906,6844,7050,6206
,,builder,7611,1082,3582,3565,6179,9538,6964,1660,2229,9053
,,animal breeder,4229,4787,5939,1770,3237,8914,6187,8835,6675,9825
,,enchanter,2701,2845,1155,4298,4434,8535,9504,9435,7851,2976
,,fisherman,3336,7487,8709,9425,1603,3470,9139,4579,1345,7465
,,lumberjack,4459,5487,9611,5440,8137,3225,4037,3062,2795,5141
,,hunter,4365,6355,1689,9467,9910,4005,8794,1777,6163,1393
,,lumberjack,7502,5747,8116,2251,1257,6784,3562,5910,2477,7318
,,lumberjack,6145,2755,8686,3553,7962,8451,1876,3235,2126,1949
,,builder,6747,1801,5217,2740,5927,8319,6967,4067,1843,7402
,,lumberjack,6373,7957,9523,9455,2680,8499,1059,6016,8382,1623
,,hunter,3150,1701,5428,2160,8406,2080,5466,3193,1783,5234
,,miner,9999,7965,3722,3868,2836,1777,2769,7181,5822,2141
,,miner,9894,2051,3181,2446,8711,9360,8146,3343,7751,4193
,,miner,9545,2668,8841,1099,2071,1912,2181,5472,1650,1404
,,hunter,6057,5762,1432,4106,7746,6447,6432,7740,5902,5707
,,farmer,9382,9712,6917,2549,5214,8141,1900,7036,6711,2094
,,crafter,2699,7111,5711,5727,4788,6070,4145,7824,5821,3264
,,crafter,7085,7142,8493,3261,2745,5047,2339,9847,4472,5912
,,farmer,5083,7495,3910,7433,5767,2260,3681,2396,5557,3849
,,crafter,4817,3196,2352,7483,3188,4755,6295,9974,8896,2427
,,enchanter,3013,5237,1134,2144,8873,9076,9517,6262,5709,9065
,,animal breeder,5188,7841,8598,5168,6685,3616,1343,3864,3791,9631
,,miner,9838,6179,2592,3010,6916,6587,3885,4167,9619,7097
,,lumberjack,1597,4892,9719,3397,3235,5220,2074,9576,6154,7290
,,enchanter,4699,3095,4177,2744,4884,4244,6112,3031,3008,3438
,,lumberjack,3671,4393,9126,7807,8247,1760,2594,6368,6766,5705
,,enchanter,5934,7311,8727,8603,6371,3142,9340,6220,1505,1149
,,miner,9344,7566,2899,5594,7653,4295,4616,4384,9320,1689
,,miner,9353,1749,2571,6094,3636,6901,2612,1190,3407,3367
,,alchemist,3764,5417,5046,6640,7302,2390,5779,2201,8154,3764
,,lumberjack,1644,2996,9914,9023,6648,4461,8102,7057,7334,1432
,,miner,7498,4428,6820,2090,2350,7203,4956,4002,1076,5244
,,hunter,3360,7384,7208,1194,9990,6567,7926,9970,6612,8156
,,farmer,1397,9758,2469,4823,2007,8381,7016,7573,4693,6461
,,lumberjack,3681,7528,9108,5367,2345,8312,6587,1318,7962,3884
,,alchemist,5833,5303,5593,5584,1446,1332,4182,6438,7988,3156
,,lumberjack,4896,7754,9614,2368,2842,5818,8199,4912,1054,2115
,,lumberjack,7781,5466,9125,6346,8359,3796,8109,6343,8987,5670
,,lumberjack,4531,5182,8940,1502,2680,5613,6691,8369,8463,2684
,,miner,9362,8600,1408,5430,7013,4512,7197,7660,6975,3439
,,crafter,8724,2048,7449,3310,3778,8245,3930,9031,1629,4216
,,alchemist,6162,2220,1398,8277,8439,6754,9625,3937,9891,8688
,,animal breeder,5076,7713,5293,7280,3933,4646,7472,2601,5651,8520
,,farmer,3274,9811,7341,4593,1368,3713,5142,8967,1037,1719
,,lumberjack,5105,7897,9592,7008,5380,7685,5503,1697,8622,5010
,,fisherman,4689,3370,5496,7390,6490,5767,4035,4980,3185,5589
,,crafter,8350,7527,8157,7304,3673,5952,3395,9278,1714,7449
,,crafter,8233,5553,2432,6817,7213,7296,9042,9563,8600,7391
,,farmer,2801,8331,4902,6304,2222,6064,7695,3417,3375,1061
,,fisherman,5302,4664,8054,9856,5187,9781,3999,2592,4991,8039
,,enchanter,2695,3232,2676,5216,5366,6943,9393,6242,7536,3490
,,miner,9105,8752,5894,1249,8537,8136,5940,1539,8188,5768
,,hunter,6786,3330,1858,1511,7674,1632,5954,1318,1954,2177
,,enchanter,5611,3217,3918,1046,4694,2037,8244,3160,6154,5364
,,miner,9658,8848,4955,1823,8278,2338,3312,5678,9100,8020
,,hunter,9421,3936,6334,4458,9805,1041,2853,1738,6768,1922
,,farmer,2307,9235,2690,6130,8102,3304,7486,8230,1977,7333
,,farmer,3559,8742,5929,2534,8085,6263,6687,7721,4755,7732
,,miner,9892,4205,3381,5204,4794,1302,6952,8160,2927,3448
,,hunter,7811,7776,2136,3939,9837,7103,5590,9634,8007,8116
,,crafter,3655,5417,2695,3368,7963,6300,4372,8200,7005,4825
,,animal breeder,9761,2143,8411,4630,3570,8797,1141,2819,3073,9882
,,crafter,6263,2953,7684,2274,7622,2440,2723,8150,5129,5439
,,builder,4341,9670,7137,8181,8784,9792,2428,3291,5353,7082
,,farmer,5719,9232,4221,5196,3806,2543,8871,1094,5497,5753
,,lumberjack,1910,3786,8895,1572,6379,2630,7679,6535,8429,2637
,,crafter,4889,1914,4428,3913,3728,5035,4745,9074,1492,3670
,,enchanter,1716,3346,5987,5128,5134,6859,8578,7884,1184,2642
,,farmer,5665,9015,2216,2726,3883,7815,3020,2453,3864,5116
,,hunter,7363,6783,6529,6626,9524,2758,3516,7471,7496,1819
,,lumberjack,6791,6463,9800,3721,5098,5506,6950,7446,3741,8621
,,builder,2741,3684,5988,5433,7958,9597,7784,3805,6474,5260
,,alchemist,4300,7938,2746,3363,3541,5508,1081,6840,8883,2658
,,crafter,1495,5424,4939,4410,1701,1900,7204,9108,7458,1074
,,crafter,7684,6803,6255,1967,7393,3755,4335,7717,3316,3430
,,farmer,4865,8645,7482,3642,7949,7537,5996,2832,6602,8257
,,lumberjack,3202,5468,8014,6883,5638,2503,7599,4421,7087,2106
,,fisherman,6065,6164,2771,9649,8383,2741,7104,5204,2437,5640
,,enchanter,1110,4405,4678,1365,6712,1163,9332,2652,7680,6266
,,enchanter,4345,2495,5584,4076,1677,4717,9899,5868,7771,4177
,,lumberjack,5950,4028,9103,8371,5111,3610,7795,6978,5342,7768
,,enchanter,5881,5744,4040,2554,4262,2026,9987,1160,3814,4012
,,miner,9532,8853,8846,4270,4367,9440,8280,3104,4323,2904
,,lumberjack,1387,2118,9683,4637,6951,3926,9420,6879,9186,8278
,,farmer,3855,8143,5995,1377,1116,2951,6961,2499,7918,5522
,,fisherman,3797,4027,1556,8793,5187,1158,6153,7917,7311,7103
,,lumberjack,2927,3006,9385,3368,7921,3018,6745,4084,5618,5975
,,lumberjack,8196,7608,9577,3351,5010,5402,2294,3858,3086,5211
,,crafter,3070,8166,8474,5130,4463,4648,7751,9716,2995,8612
,,alchemist,4428,5424,5492,1668,8011,3559,4082,8491,9631,7880
,,alchemist,6931,3079,6191,1715,4192,1726,3042,1496,9990,5377
,,builder,7152,3152,4567,3576,1929,9085,5953,5654,6195,7005
,,farmer,2399,8519,3757,4022,5522,7108,7448,7445,4363,4820
,,lumberjack,4715,9492,9904,5192,4592,9255,7802,8501,1311,7846
,,crafter,3768,2742,6647,5553,1502,2604,4986,8856,3134,3643
,,lumberjack,6532,7019,8950,2800,5826,1591,7080,6557,8374,1458
,,enchanter,9339,8715,2346,1618,6528,8173,9401,4370,6105,3712
,,crafter,8112,1407,4195,3852,6051,4945,6173,8351,6338,8078
,,miner,9024,5319,7074,7331,4636,6771,2992,8790,2680,7153
,,lumberjack,6325,4775,9087,8084,2774,3211,5975,7876,8069,5523
,,crafter,2742,3813,7733,1738,7749,1439,6500,8045,5627,8024
,,animal breeder,7218,6592,4217,8644,5144,6078,3484,1554,9484,9747
,,animal breeder,2152,4288,5053,1886,6413,2297,2373,5952,9093,9534
,,lumberjack,6990,4193,9870,6001,6092,1923,1929,9585,3048,2910
,,builder,7829,1281,8844,4669,8685,9919,4065,2055,5909,3261
,,builder,1420,2265,8020,5320,6292,9514,2361,6203,2731,1040
,,enchanter,2149,5231,2709,4571,2878,3101,7270,6294,5577,3190
,,lumberjack,2356,3279,7772,7282,4600,1173,5591,3061,3969,5895
,,alchemist,8166,6038,5927,2002,4242,1520,4886,9094,9722,5642
,,crafter,7250,1616,6947,4347,3774,7867,3025,9558,8918,8060
,,crafter,5985,7959,7853,9067,8200,7446,6443,9291,6256,6799
,,alchemist,3527,3327,3060,3806,6733,5178,2701,4393,8534,2373
,,lumberjack,1023,1729,8597,2140,3870,5973,7307,5617,5531,8518
,,fisherman,9223,2815,8619,9723,2428,1509,7426,7466,6334,5456
,,animal breeder,1601,3431,1586,1495,3789,4376,5555,4864,5257,6448
,,animal breeder,9299,1504,5546,2093,6375,1100,7480,1436,3804,9714
,,animal breeder,7729,2301,7946,1655,6212,1204,5079,5901,3644,9937
,,fisherman,4317,7977,1281,9199,4189,6751,7638,3673,8584,5668
,,enchanter,4289,2288,7434,6213,3450,3887,9700,6565,9637,7449
,,fisherman,6181,5864,7438,9687,7180,3417,2283,4213,8379,1113
,,fisherman,6466,1689,7290,9174,4926,3210,4530,2556,6142,3434
,,fisherman,9515,5406,3174,9943,2632,6728,4435,1053,9507,8295
,,miner,9680,6552,7979,1254,3107,5249,1682,4954,7483,1749
,,builder,1611,3777,7149,5036,4932,8332,7141,1653,1921,2699
,,crafter,4967,8752,8057,3183,8997,2884,5758,9224,2358,7934
,,enchanter,5073,7536,5780,1278,6400,7571,7808,4520,6944,2889
,,enchanter,7897,6761,3225,7725,8854,8235,9953,7510,4310,2287
,,hunter,5302,1922,7881,5712,9912,5037,2817,6464,2379,5617
,,enchanter,4215,5556,3621,7913,1851,2526,8237,3957,4075,5665
,,miner,9922,9103,1495,7405,4711,1811,9154,7661,7421,1263
,,miner,8474,7744,1824,5808,8186,3095,7323,2985,6939,4702
,,lumberjack,3633,9638,9701,6391,7077,4074,3072,9097,6687,6967
,,farmer,1281,6885,5819,1713,4983,5466,6651,3307,3442,3918
,,crafter,5006,3505,6484,3691,6290,3972,3471,9943,9778,5357
,,enchanter,4653,4474,6653,4070,8328,1676,8893,4043,7915,6740
,,crafter,1546,4005,6660,8436,6725,3467,5631,9019,8706,3797
,,alchemist,8155,7443,8326,5710,5291,7046,9468,7903,9902,1814
,,animal breeder,3474,5088,2443,4901,1598,6782,8425,1373,2267,9290
,,builder,4748,4599,1801,1569,2236,8512,3853,8151,5157,7785
,,builder,4730,4997,5248,3413,7421,9674,3878,5514,9507,9350
,,miner,9133,5165,8657,1248,8775,8149,6949,2813,5151,6215
,,lumberjack,6761,3162,9073,5112,7058,6634,7692,6751,1096,8992
,,miner,9134,3148,3431,3607,1271,8069,5071,8098,4010,1159
,,hunter,5353,7899,1276,8505,9959,8993,3486,8785,2202,7346
,,lumberjack,4063,2309,9370,4631,2951,2453,6300,5654,2879,9102
,,builder,6162,1106,8328,8065,2632,9674,7725,3743,6453,6292
,,hunter,7602,4102,8478,7592,9213,7934,4951,1064,1476,8151
,,hunter,1729,2161,1652,7020,9810,9261,3370,3038,7962,5434
,,hunter,4680,3310,9155,1008,9317,6764,5579,4070,9258,6997
,,crafter,5070,5616,6445,2157,7818,2802,3228,9146,4228,3201
,,hunter,3644,5635,6038,9082,9718,6829,5020,3626,7343,3927
,,fisherman,7213,4070,7939,8044,1597,2862,3756,5967,4971,3572
,,fisherman,6206,3161,8017,9507,8068,2255,3843,5772,3739,7294
,,farmer,2524,8593,6042,1897,3746,7182,8128,5033,8169,4040
,,enchanter,4019,6616,7599,6657,6537,5423,9274,5311,3915,8225
,,lumberjack,1040,7675,9693,1786,7224,2081,5948,5841,9390,9141
,,fisherman,8889,3279,5562,9763,3301,5106,4233,2667,3841,5682
,,farmer,2365,9137,2704,1311,3822,4546,2211,7401,1238,6840
,,alchemist,8455,2775,4580,4762,7133,1180,7180,2632,8788,4476
,,crafter,7672,5080,6926,2020,7055,3987,1150,7932,6898,6411
,,animal breeder,4747,3027,7154,3636,1630,4809,7302,7410,6389,7910
,,lumberjack,2248,5168,8859,5926,6739,1895,2442,6770,7372,2477
,,enchanter,1215,2191,1845,8186,2795,7958,8960,7110,8442,2467
,,miner,9832,8654,8473,7593,7809,3336,5848,3997,6662,9562
,,crafter,2306,1632,1282,4018,4305,6238,5299,9316,2826,4012
,,lumberjack,3276,8907,9982,9959,5081,4493,7678,7260,3582,5896
,,crafter,1710,7164,5849,2086,8716,6836,4300,8905,1424,4451
,,crafter,2862,6002,3186,4621,2646,8679,8772,9421,7656,7507
,,animal breeder,6692,7039,1323,7861,7266,6527,8623,3770,3250,9030
,,fisherman,6269,8288,6360,8690,5551,1689,5258,3809,5275,8102
,,animal breeder,3054,7877,4438,5006,3725,6490,7338,6526,6363,8834
,,lumberjack,3033,9343,9791,4995,4997,8711,4079,6353,2709,3260
,,alchemist,7267,6726,3559,5140,4164,6606,1906,6056,8565,3716
,,hunter,7159,6175,7955,1493,9949,4346,6340,1146,8414,9214
,,animal breeder,5876,5008,8674,5617,5124,7891,5899,4402,4973,9673
,,enchanter,1763,6516,2447,1310,3839,2239,8906,6696,5469,2560
,,hunter,1608,5781,3233,5588,8507,4315,6679,4024,1065,4927
,,fisherman,9445,1229,6602,9450,4235,5548,6657,7367,8175,7041
,,farmer,7741,8685,2971,6747,4874,1091,5381,4588,4618,3986
,,alchemist,1452,6825,4051,4308,6729,1899,5492,8825,9474,8141
,,hunter,4220,3046,6846,1175,8426,1577,4813,6639,2434,3795
,,enchanter,5180,1697,2255,1121,7643,3819,9712,4390,3581,1007
,,alchemist,7020,8037,1935,1637,8363,5732,6324,9300,9509,4520
,,enchanter,3342,3011,6360,6552,6883,4584,8635,8322,6361,5954
,,miner,9185,5216,8374,1863,7066,5849,4368,1090,1250,2762
,,fisherman,1103,8078,1143,9457,4195,4510,6457,3909,6351,5910
,,miner,9930,6470,3985,3256,2574,5583,9006,2528,5157,9730
,,fisherman,8124,2882,5330,9687,7133,1437,2443,4253,6380,6786
,,alchemist,2872,6242,5295,3275,7516,6400,1202,1994,8550,5303
,,hunter,8396,1744,4988,9078,9900,2008,8256,7515,3089,8492
,,builder,5247,4423,3521,4767,6463,6503,6037,1395,1024,3790
,,miner,8002,4373,7456,5673,3914,7066,4263,2073,3837,3141
,,alchemist,6789,7053,1186,4659,7692,6315,1190,6495,7910,1427
,,farmer,1249,9007,4467,8793,1300,2862,3186,5580,3736,7371
,,alchemist,1072,5618,3727,3881,9723,2486,8725,8138,9743,3872
,,miner,9397,7786,4420,7923,5866,7459,3708,8627,7224,2485
,,animal breeder,1697,1905,4591,7543,4537,4118,6932,5258,1547,8992
,,hunter,2425,4070,2860,7517,9784,7593,7768,8708,8943,9407
,,builder,8864,7280,2622,7094,8114,9448,3020,7441,4081,6178
,,lumberjack,7779,4707,9635,2111,7240,2169,2508,4051,7430,8122
,,miner,9399,3352,7975,8926,4053,2150,3019,4233,4924,8879
,,crafter,9207,7502,8653,7255,1496,3493,7539,9655,5031,5666
,,lumberjack,4425,2745,8012,5064,3662,1749,2008,1962,2721,1654
,,lumberjack,2949,8093,9482,2867,1873,4938,5759,3960,9471,7835
,,builder,9559,3534,6381,4250,5575,9771,5948,9506,1202,6513
,,lumberjack,3249,8740,9986,6146,3262,9968,1163,5369,4096,8262
,,animal breeder,1000,1467,6482,5584,7519,7530,7534,8323,1673,8776
,,crafter,4875,4261,5682,7853,2816,1945,6708,9293,2046,6394
,,miner,8922,7889,4108,7776,7107,3816,7960,4018,2551,5807
,,miner,9149,2552,3381,5654,4667,6104,5071,3253,4249,2802
,,lumberjack,1141,8001,9174,4171,3813,6618,2917,7093,6639,4298
,,enchanter,1720,1486,7155,2933,2487,1466,9348,9029,4772,3507
,,hunter,3681,5275,2555,4778,8198,5980,2599,3025,7896,4835
,,builder,8243,4397,1591,1486,4069,9714,4794,2511,3584,2002
,,lumberjack,5510,7372,9815,3885,4692,6277,4229,9676,8264,3874
,,hunter,5830,8946,5299,3868,9782,1753,6476,2718,5439,8244
,,farmer,8090,9761,3055,8971,5857,2254,5360,1281,2174,8027
,,crafter,6250,1115,2257,5605,5152,7553,5992,9506,4194,6850
,,animal breeder,9185,3046,4729,7557,8464,8593,6948,3846,4244,9366
,,animal breeder,1290,1716,6003,8732,7715,5970,7257,6916,9658,9796
,,enchanter,8399,6406,1803,1110,5837,7389,8810,2258,5069,5472
,,animal breeder,7825,7214,9774,8791,8022,4531,3094,1686,1517,9957
,,enchanter,3085,4679,5912,1064,6956,4227,9261,6392,2886,8484
,,enchanter,8380,7949,1897,5174,4404,5992,9290,9159,1130,5258
,,builder,8107,6010,2042,5033,7827,9976,3855,9963,2889,9832
,,builder,1055,4009,1080,2157,1087,6573,5907,6299,6505,4621
,,hunter,2553,3539,9011,8843,9273,5196,3013,8463,4481,2288
,,crafter,1585,6002,6325,3588,7518,2155,2836,9440,3064,3607
,,lumberjack,9334,8621,9992,9058,1163,1602,3557,3285,7889,2669
,,builder,7028,8032,5874,6325,7843,9198,1567,6832,8016,6709
,,fisherman,3020,4375,3646,9414,1456,4220,7524,1983,7119,2432
,,miner,9196,8931,5703,3947,3502,2989,3971,5428,2291,8473
,,farmer,2505,7563,1840,4279,6841,5850,2909,4874,4788,1880
,,farmer,4792,9971,3328,4489,4657,4790,7135,8395,8622,1213
,,alchemist,1280,6874,7669,4777,6941,3564,2288,3318,9381,8512
,,fisherman,3610,5708,3977,9800,1962,8813,6036,4370,5813,8557
,,animal breeder,8120,7228,4895,4228,7631,4264,8072,2362,1319,9082
,,fisherman,4388,6425,4803,9310,3238,5214,7542,1036,8661,5531
,,animal breeder,2298,6221,1001,5601,1940,3255,3775,8259,3052,8948
,,alchemist,8486,2860,2105,8151,9640,7589,7547,4212,9977,4768
,,crafter,5628,2846,1052,1603,4939,1871,1211,8987,5025,8873
,,builder,3317,5991,8245,4097,3410,8630,7819,5342,4171,5919
,,hunter,7171,6663,6659,3954,7784,4516,6662,3741,4544,4872
,,alchemist,4067,1968,4438,4459,5090,6418,1568,9903,9989,3428
,,fisherman,7922,2167,2713,8434,4079,4382,6777,8085,6306,3664
,,alchemist,6259,1082,2414,5408,3262,6295,6619,1508,10000,6801
,,alchemist,1843,7960,7892,7165,2216,6227,2446,4370,9665,9330
,,fisherman,4080,3258,8361,9898,7146,3986,5653,4180,8914,6579
,,alchemist,3042,3046,3193,2072,7833,4531,9289,9222,9841,8815
,,farmer,1957,9719,4031,4096,9081,5598,1735,5085,3624,8739
,,hunter,4428,5741,2621,9152,9902,1714,2415,5205,5904,6886
,,farmer,2673,9444,7174,3518,8290,1365,4201,9166,2252,3020
,,enchanter,6590,6959,2157,1567,8015,4668,9500,4219,6900,3211
,,fisherman,6869,8902,7656,9009,8851,7847,8703,6567,1223,5431
,,miner,9718,6332,2624,1755,5577,6085,5799,3929,5422,8574
,,farmer,2286,9503,1503,5436,9076,5351,5868,6079,4265,1452
,,lumberjack,5107,1665,8839,3245,2891,4854,5230,8617,7607,6519
,,farmer,8142,9387,3905,4996,3841,2390,4678,5956,1256,8986
,,enchanter,6060,1000,2258,4123,3112,1659,9360,8066,8674,7451
,,alchemist,2213,7177,6744,5156,4018,1687,3148,6369,7241,1297
,,miner,9133,4288,2314,5960,5009,7510,5402,7511,7294,8567
,,enchanter,4486,4655,9470,1901,6712,9275,9997,9855,2495,3631
,,crafter,2682,1749,4412,2418,3016,6170,6059,6851,4275,3665
,,farmer,2051,9909,5783,5532,3644,7708,3930,5801,6106,2673
,,enchanter,4250,3649,5708,3715,4764,3985,9169,8064,2409,6963
,,crafter,1163,4304,7140,2625,9534,5996,8963,9682,2688,1178
,,miner,8943,6327,5209,6286,8660,8609,1525,5608,6178,1314
,,fisherman,2032,4710,1607,9793,8027,8038,3084,8202,5918,1611
,,hunter,2453,7361,5324,3041,7858,5841,3167,6859,6234,5842
,,hunter,1665,8050,8374,8739,9334,6620,5106,4378,3916,2719
,,lumberjack,7642,5265,9540,6209,3026,5978,7515,5543,7157,5266
,,lumberjack,1776,1609,9696,4257,9665,3644,1169,1364,4565,7965
,,enchanter,1474,2036,6081,8023,5013,4202,9507,8559,8306,5219
,,builder,1417,4959,2452,1957,8473,9508,5552,7215,7960,2425
,,builder,4332,1756,3571,9021,3302,9276,7529,3381,2837,5902
,,crafter,8832,9466,2643,1198,7678,4933,8765,9646,7148,8891
,,alchemist,2726,4073,1399,7153,2904,4617,5609,4420,8690,6133
,,enchanter,7089,5246,8080,4259,8180,3705,9893,6120,9151,2274
,,crafter,1192,4982,3484,5408,3759,1981,8419,9499,8592,9053
,,lumberjack,3704,3899,9157,8354,2143,6502,6789,5164,6473,2224
,,miner,9847,2391,4356,3160,2498,1528,9114,2503,8655,3345
,,animal breeder,8538,4179,4810,2582,8129,9502,5828,7229,6259,9982
,,fisherman,1472,9571,5278,9645,6495,5214,1241,5663,4763,7452
,,hunter,7004,1874,1683,5948,9965,4915,2953,1421,2609,1364
,,lumberjack,4123,8470,8681,5969,2923,8008,3628,5606,5445,3072
,,alchemist,1129,3522,2089,3886,5097,7601,6648,1944,9294,4765
,,animal breeder,8022,5718,4137,8416,1026,2644,7341,5099,8526,9509
,,animal breeder,8532,3637,6373,5691,2376,9184,1340,5820,5589,9879
,,lumberjack,9891,8136,9933,8927,8252,9445,1108,9415,6844,7874
,,lumberjack,3979,9392,9757,3273,6416,4191,9123,8756,1718,8678
,,miner,8484,5540,5971,8011,3135,8371,3478,5246,6798,1804
,,crafter,7089,4324,5862,3519,8636,2580,8493,8658,5572,3803
,,fisherman,8381,2057,5726,9934,8432,7180,2658,1159,4378,4662
,,miner,9906,1848,6962,7263,5119,1461,6225,1323,5648,4256
,,enchanter,5093,3755,1995,5681,8080,2962,8785,2376,4187,7861
,,animal breeder,5756,4450,3635,2694,6254,2731,2309,4586,2538,6922
,,fisherman,1698,6328,4591,8432,1220,1638,4985,2911,2459,3120
,,fisherman,6332,1952,6485,9356,4590,2672,3633,8044,2362,7255
,,enchanter,6827,7379,6466,8527,3740,3277,9707,5713,5110,5377
,,farmer,4658,9590,8387,5991,2493,1731,4053,7406,3955,5737
,,miner,9938,4109,8133,1704,7430,2951,2516,3149,3994,9807
,,hunter,6208,7510,5374,2130,7829,1687,5014,4962,5250,4458
,,crafter,2343,4815,5685,3198,7063,5838,2169,9251,5432,1081
,,miner,8025,3612,2261,5927,1009,1472,6344,5795,6666,6665
,,hunter,7524,3049,6820,3739,9966,1743,3917,2798,8205,2648
,,fisherman,6168,9388,6445,9799,2643,3157,2899,4707,3706,2506
,,animal breeder,4184,9414,9113,9546,1247,1751,5153,7459,6806,9750
,,animal breeder,3411,5889,3987,5717,1126,7493,1563,2402,3075,9998
,,miner,7221,3678,4205,3734,1976,6811,6238,4243,6374,1777
,,farmer,3157,9271,2889,1407,6767,6560,1665,3691,6384,6415
,,animal breeder,3129,1422,6162,6812,7013,1091,9130,3015,1121,9390
,,farmer,5628,8550,6996,8185,7501,5058,7130,4838,5417,2124
,,hunter,6453,9265,7463,2259,9686,1866,4034,6303,9427,3867
,,fisherman,5068,5225,3078,8281,3338,3017,2375,7246,5526,3239
,,fisherman,2444,6214,6130,8552,1518,5078,6383,7526,2909,6746
,,hunter,1472,3180,5920,4243,8823,6970,6286,5334,5569,6581
,,enchanter,6981,6773,1621,2619,1919,6761,9929,5550,9896,4673
,,builder,9199,4444,2155,3285,6974,9586,9218,5854,3072,9039
,,lumberjack,1835,5635,9329,8944,6244,2231,1077,3899,6180,3420
,,builder,2572,4466,5448,4049,4260,8719,4355,5756,3521,5448
,,crafter,5106,2078,3991,7398,6728,8074,6834,8395,1682,1746
,,alchemist,1577,7563,8587,6550,8825,7965,6428,3337,9115,8175
,,crafter,1812,4044,1956,5700,5805,2316,6852,8337,1279,3636
,,builder,4204,9227,4753,8467,7927,9803,4940,6396,6322,1868
,,enchanter,3717,6499,2477,5108,8434,8693,9555,2619,3592,6568
,,enchanter,6195,6628,6975,7260,3537,3715,9653,5881,3773,5384
,,animal breeder,2836,5674,1847,3592,8702,6236,8877,5345,6082,8989
,,hunter,3978,1742,8321,2121,9352,2125,4687,2554,6940,1107
,,fisherman,5881,8565,6672,8878,1282,1932,4129,7041,2614,5335
,,miner,8371,2363,4984,1315,5996,2944,1427,3723,1028,5550
,,alchemist,6593,1093,2402,6898,7505,6949,3531,7612,9903,6825
,,animal breeder,1987,3460,6935,5525,1712,8079,6373,2419,8518,8822
,,fisherman,3862,6561,8127,9482,6434,6030,3279,3629,2042,5515
,,enchanter,1123,4122,6584,2550,2632,5506,7961,5871,1241,1054
,,miner,9836,6403,5482,5332,1573,2139,4087,3809,1108,6269
,,farmer,4113,9917,4558,7937,7245,8717,6780,6261,9368,9424
,,miner,8954,7308,5190,7377,3125,7135,8796,7228,8005,4520
,,farmer,8581,9527,2655,8775,9388,4020,4196,9110,1373,2708
,,miner,9906,5502,2428,6208,8983,7167,3807,4537,6382,2627
,,crafter,9142,1642,8803,5001,4463,1324,9290,9429,1890,5887
,,animal breeder,5772,9213,6787,5791,5324,7572,2128,4037,4779,9639
,,farmer,5509,9208,1601,2877,3143,3548,7369,8690,1865,2370
,,miner,6372,5885,4911,3676,5477,2339,5044,3281,2817,2226
,,farmer,4242,9530,4786,6605,1244,1780,6402,6993,7084,1174
,,enchanter,9783,2136,6946,5574,8429,1323,9960,4191,4126,7062
,,alchemist,1253,3167,1119,7157,5701,5347,4816,2979,8718,6465
,,crafter,4048,8562,1267,3028,5311,4600,2939,9010,7282,2140
,,lumberjack,9363,6146,9921,7334,7933,3991,9564,2298,1972,5387
,,miner,8006,7003,4677,1542,1654,3612,3897,3062,7086,2815
,,miner,9663,2044,1143,4527,1526,5547,6599,7625,8998,1670
,,farmer,1950,9926,7690,1689,2038,1980,3209,1059,4095,9709
,,fisherman,7158,7149,2764,9390,1389,7417,1708,2405,1899,4681
,,fisherman,7593,1665,9078,9563,2526,8467,1493,4280,2399,4819
,,farmer,8181,9713,6647,7640,7649,6010,6314,5002,7741,7060
,,farmer,7703,9485,2212,5079,2809,1606,7828,9417,5581,4527
,,crafter,6402,5414,6620,3082,7178,4128,5530,9843,9510,6995
,,farmer,7147,8650,5217,4014,2174,2599,6748,5231,7057,2747
,,animal breeder,2605,8729,6864,4377,6431,5810,4756,3271,1180,9383
,,hunter,1174,7129,4640,3550,8837,1129,4006,3344,8108,5561
,,builder,7033,7283,8757,2641,1297,9197,7242,4927,6499,4060
,,miner,9524,7110,1555,6914,1106,3801,6501,5492,5999,8722
,,farmer,7914,8784,1517,2460,8036,4789,1153,3820,8602,5488
,,fisherman,4120,1285,2502,9638,3729,4048,7049,8558,8039,8772
,,crafter,5468,7542,3910,6701,4066,5816,4339,9823,4375,4512
,,lumberjack,8476,2252,9896,5132,8049,6682,3151,2849,8300,1318
,,builder,1600,4384,2788,4418,2348,8254,6158,2271,5876,7506
,,builder,4664,8384,4596,9649,8957,9937,3599,9280,9792,3249
,,crafter,5515,3050,8100,1460,8667,4300,7310,9496,8797,6510
,,alchemist,1508,7228,8041,7010,9604,8488,8702,5382,9942,8372
,,crafter,7527,7177,4943,6185,2841,7726,3436,8950,4025,2705
,,farmer,1391,9637,1197,3552,5384,1899,3529,8587,5393,2734
,,crafter,7969,7291,8439,3994,6933,4763,1310,8901,7503,6548
,,miner,9436,5098,5276,4884,5690,7177,2424,8621,8147,8401
,,animal breeder,8752,6412,4555,5527,4170,5564,7574,5666,7844,9132
,,hunter,4397,4600,7588,1585,8813,2233,1358,7702,6691,7669
,,alchemist,8881,3823,5478,6799,1390,8356,7572,7990,8897,2128
,,crafter,8677,7916,8807,7921,3658,3293,7448,9563,8548,8524
,,miner,9164,4581,2212,2223,5257,4807,1297,8037,2954,3201
,,animal breeder,7829,3545,6687,2651,4976,4436,1286,8944,9635,9736
,,hunter,3760,6989,6290,7813,8847,6949,1519,8094,7408,1253
,,crafter,7710,9606,6061,7437,5509,5071,5498,9901,1171,7643
,,alchemist,4167,3283,1645,1195,2790,4477,3840,2142,7133,5786
,,builder,4159,3246,4727,7108,6016,9702,9696,4219,2067,3923
,,farmer,2934,7741,7518,4326,1429,3568,3268,2435,1689,5334
,,alchemist,3906,4253,6579,2446,9758,1509,6859,2131,9970,3465
,,enchanter,5706,1330,1868,8879,7314,6800,9587,1702,8554,1193
,,lumberjack,1472,7498,9059,1469,2253,2713,1356,1573,2266,5806
,,enchanter,3320,3728,2894,6420,9344,4998,9642,5749,5581,7799
,,farmer,6678,9971,4404,5178,5340,3201,6206,5598,6695,6262
,,crafter,4145,1232,4561,3376,5811,5688,7700,9274,7726,7484
,,enchanter,8272,5228,6729,4004,8418,7594,8928,6479,7594,1126
,,crafter,5006,5322,1175,3825,6218,1685,3781,8000,4069,1521
,,fisherman,2357,1345,7796,8628,1350,2910,1438,2752,6284,4322
,,enchanter,1123,5395,4932,7862,1410,3178,9016,4819,6561,2696
,,miner,9995,8628,8327,1074,7462,8511,8419,4306,7653,3017
,,alchemist,1952,2841,5573,1683,2418,8418,3899,3645,8817,6643
,,alchemist,8139,3957,3705,5853,9566,8126,3814,9008,9900,3480
,,enchanter,2758,6907,3744,9092,6840,7901,9966,6951,8284,4182
,,builder,8538,5249,2338,2683,2875,9053,1628,8840,1095,5110
,,farmer,2452,9721,6425,1204,4339,4787,3555,6171,8911,4490
,,farmer,5399,9539,8412,1718,8911,7412,5336,5208,9007,7538
,,hunter,5642,2090,6305,4230,8800,5129,3689,4586,8256,7154
,,builder,8003,1558,5909,4848,3452,9442,8872,3855,6749,7472
,,builder,7213,4242,3854,8263,7332,8940,6856,5555,1219,5783
,,crafter,1490,3616,6660,6615,7047,5480,7273,9386,3162,8641
,,animal breeder,5082,1013,3515,3126,7911,6461,2796,6339,3314,9946
,,farmer,4784,9692,3458,5756,6749,2104,1125,4741,6152,9348
,,lumberjack,1460,7557,9093,1255,3443,7715,3341,2650,1667,6816
,,miner,7305,3142,6988,4776,6468,5739,6512,3404,6872,4390
,,miner,9685,5545,2586,2968,9132,9223,8193,4764,3583,8906
,,fisherman,9162,4277,9511,9914,1929,6854,4647,3158,9787,1741
,,crafter,8465,2540,5990,2610,2844,6932,3505,9603,2230,1614
,,crafter,3092,5608,4400,7679,3816,1473,3541,9813,9506,5162
,,miner,9505,5494,7078,3383,5063,3663,8735,2553,8735,4875
,,animal breeder,7657,4753,7417,8787,2881,3120,6001,2844,6264,9764
,,hunter,4218,1185,6638,7836,8485,7442,3255,1755,6216,5368
,,miner,7895,1513,5747,1695,1072,7526,5433,6357,7540,6800
,,lumberjack,5482,2734,8398,6955,1051,4853,8315,4232,4890,1837
,,enchanter,2047,5491,7399,7670,8380,3860,9948,8452,2871,1043
,,lumberjack,3041,3959,8270,6406,3520,7863,8163,2169,6370,7058
,,lumberjack,3153,1531,9707,6914,2206,4425,9498,1980,1439,5301
,,alchemist,4553,2815,2369,3622,4863,8253,9077,2646,9931,6778
,,animal breeder,2472,5018,7011,3365,6936,2549,7053,3317,4791,7404
,,hunter,3534,9109,5568,6715,9724,2251,5444,7452,9383,1068
,,animal breeder,6114,4927,8140,1014,5915,4865,7367,3261,2030,9529
,,enchanter,7907,7428,5515,6835,4048,2935,8665,5488,2713,5812
,,lumberjack,5812,2189,8550,6963,7862,8215,3198,2627,7348,6673
,,farmer,4953,9749,3381,6106,5364,5717,3993,4856,3486,2419
,,animal breeder,3558,2180,2192,2275,6466,8187,1335,4185,5500,8552
,,crafter,5682,5553,5775,8821,4424,6454,4285,9976,1268,5525
,,fisherman,6871,4295,4201,9334,4989,2896,3440,1385,7897,1157
,,fisherman,1565,4862,7343,7832,3921,4129,1749,2133,4010,5649
,,miner,8696,5712,7301,5364,7087,4991,6028,8692,5427,6792
,,builder,1117,5407,4030,6930,8008,9187,2083,4330,1380,6209
,,builder,2370,1652,4535,4245,7559,9061,4336,8516,7289,3847
,,hunter,4485,7934,7473,2222,9829,7677,6081,3468,8429,8310
,,alchemist,8956,4142,8674,4104,4912,6834,8601,5151,9694,4519
,,crafter,9595,9194,9232,3244,7825,4454,5371,9792,6595,5427
,,animal breeder,7681,9491,1566,6904,1373,3843,9561,9308,1405,9595
,,alchemist,2744,4288,8060,5633,3010,8296,3194,8404,9951,1702
,,fisherman,2936,5971,3603,9512,6715,9252,5010,6076,5292,2817
,,miner,9707,2297,2921,9519,6681,7126,5845,5335,2498,6215
,,fisherman,5339,7474,5978,9535,5545,6794,8094,7543,1803,3764
,,fisherman,5415,7441,1175,7461,4532,6498,1649,7086,7088,1896
,,alchemist,2751,7482,3927,7565,2564,6834,4277,7366,9029,8713
,,alchemist,4024,6750,3410,9325,3845,3636,7103,7967,9937,8283
,,fisherman,6980,1036,6721,9346,3445,9218,7520,3799,9283,8782
,,farmer,1824,8450,4674,8325,7207,6494,5797,7699,2825,5523
,,hunter,2588,7161,2158,6380,8562,5598,7562,5121,3547,7289
,,alchemist,7708,4059,5372,9393,1997,2986,1320,7249,9966,4001
,,animal breeder,4031,3828,2969,2641,3021,1038,6562,1961,6607,9065
,,animal breeder,8273,6531,2675,3917,8050,2038,2490,3341,1647,8942
,,enchanter,5267,5606,5954,6596,7655,5358,9055,3821,1811,6696
,,farmer,9383,9467,3238,9317,8297,5970,8097,1384,7278,5935
,,crafter,6585,1252,1674,7753,5973,3986,6754,8710,7584,8440
,,farmer,7257,9108,3817,7933,1745,5561,1873,3229,4336,2534
,,miner,9235,8073,5368,3176,7886,8102,4303,4137,6501,5144
,,hunter,1552,5368,9393,7903,9728,5721,4034,6857,9248,6438
,,lumberjack,2127,1137,9627,8182,6822,1960,9306,9256,2535,5412
,,enchanter,3246,3881,4597,7633,1708,3713,8938,4906,4298,2067
,,hunter,5807,8011,6220,3866,8508,2011,5559,2910,1430,8475
,,crafter,4207,4266,5172,5953,3959,6655,7455,7810,5193,1022
,,crafter,6396,8231,9766,3672,7149,1552,8603,9984,1512,6084
,,farmer,8036,9070,1933,8401,5136,4177,2928,3469,4317,4405
,,builder,1967,1531,8297,2884,2350,9977,3451,4593,5018,8419
,,hunter,2149,6741,2053,6211,8119,3485,7622,1880,6715,5717
,,builder,6754,6932,5574,7608,2181,9589,2202,1604,2584,3064
,,animal breeder,6325,2991,6493,7807,5536,7572,7273,4769,2447,9896
,,lumberjack,2394,3301,8625,3179,2633,1571,2368,1871,4257,3304
,,alchemist,5164,1785,4624,4376,6633,3780,4311,1301,8405,1230
,,miner,7869,4854,4149,1633,5020,6679,5894,7397,3437,6897
,,alchemist,2225,4122,3224,4171,3614,1115,2265,4722,6943,4773
,,enchanter,3549,3865,8129,3502,3709,6489,9012,4266,4038,3954
,,lumberjack,4659,4693,8874,4834,4311,2888,4597,7785,1918,2103
,,fisherman,5778,3403,7121,9540,3888,4015,1223,5410,7240,9428
,,fisherman,2572,8384,6624,8939,4653,2723,5060,5122,4937,5730
,,miner,9463,8868,1835,8617,6406,7773,6116,3453,4295,4441
,,fisherman,7809,2824,7739,9849,2480,5226,7346,6163,4068,9759
,,lumberjack,3763,4597,8367,2653,4766,5540,5320,6590,6825,6783
,,fisherman,3527,2733,5758,9450,6510,7838,6070,2491,1610,7502
,,enchanter,7328,1473,1459,6895,3419,2693,8768,8689,2084,2039
,,animal breeder,2185,4945,5284,6135,6452,1177,4582,2677,4010,9291
,,crafter,8722,1421,3465,4841,8908,7950,2373,9905,4557,4474
,,animal breeder,1551,4647,6220,6968,7347,6566,3348,4782,7248,8793
,,alchemist,7069,3729,8734,3630,4426,6564,3596,8539,9477,3893
,,lumberjack,4115,6858,8468,4627,5916,1194,2457,1807,3765,6865
,,miner,9712,2324,4303,3025,6670,2132,7544,9189,4111,2210
,,alchemist,6023,5154,6585,5832,6315,3241,2252,5952,9472,4931
,,builder,7505,4963,4087,8482,3478,9153,4825,2234,3636,4976
,,animal breeder,5122,7924,3044,3876,8066,2385,6030,1923,4269,9232
,,builder,5857,5609,5620,6003,1932,6789,2801,5500,4556,5994
,,farmer,6051,9435,3796,7369,2924,6880,5589,8914,7473,2743
,,animal breeder,1162,2980,5989,6950,4804,1981,7299,5426,5426,8777
,,animal breeder,2718,2159,6122,4948,3632,7891,3411,8457,3562,8547
,,fisherman,6042,5663,4989,6599,5928,4013,2823,4334,4575,1799
,,crafter,1264,7543,5825,8234,8358,5839,5414,9234,2465,5343
,,animal breeder,2543,4993,5317,2659,4798,1253,9476,6798,2596,9658
,,builder,8318,8187,8766,4216,5655,9865,1954,5304,2067,1900
,,builder,6047,1534,1762,1349,5830,9144,4478,2127,7700,6956
,,hunter,5111,6644,1827,3340,8474,7909,7313,6468,4474,7180
,,alchemist,8248,1853,3446,5929,1966,6783,1812,5175,9828,2411
,,lumberjack,1790,4063,9473,7941,6267,1524,6378,2636,3259,6113
,,hunter,7728,5722,5594,4255,9736,6845,5504,3134,1447,7456
,,enchanter,9435,2668,1794,3738,3496,3543,9668,5193,9308,7308
,,hunter,8092,1150,8331,7408,8963,6030,6011,1141,8095,6273
,,crafter,5599,5855,4058,6794,4069,6001,1627,7867,6006,5952
,,miner,6696,4502,3471,4392,6288,4239,5278,1803,5461,3103
,,farmer,9322,9910,8737,8410,2390,8207,1789,4264,4486,8863
,,farmer,4394,9249,8093,5583,2426,7445,2622,2576,1894,5150
,,animal breeder,5481,4744,1228,8099,3644,9468,1520,6663,6768,9686
,,crafter,5766,3991,5598,7689,2262,2387,5519,9163,8782,1960
,,crafter,4216,6719,2959,9235,3341,2207,8363,9744,1937,1403
,,hunter,7799,5205,5833,8862,9672,1325,5320,4014,1623,9541
,,animal breeder,9289,9315,6148,5444,2990,4997,5623,9438,4892,9443
,,builder,4932,3194,5680,7177,7269,9421,7487,3752,3360,6308
,,hunter,3187,4718,6704,6421,8787,8425,2514,8775,3095,6809
,,crafter,4831,6394,8391,5289,4568,4480,1979,9652,9361,8315
,,builder,4661,6951,4685,6377,6893,9128,7682,6540,5108,1588
,,lumberjack,6243,7903,8045,5954,1228,4897,1483,4078,5513,4469
,,hunter,4441,6716,5462,3180,9789,1040,7606,3677,1316,4611
,,builder,1977,4937,6389,4165,4686,7412,3035,3884,2705,2289
,,farmer,3747,9520,4327,3347,5391,4801,4149,1945,3006,9118
,,animal breeder,5701,7164,2737,6765,7552,4527,5486,5365,8062,8185
,,lumberjack,8159,4240,9790,1155,1578,9349,5765,2896,7946,8964
,,fisherman,7330,8123,7118,9146,1569,6147,3888,3403,2839,8036
,,animal breeder,5503,4978,8343,8512,1096,8558,3168,7588,1766,8587
,,animal breeder,6731,3282,1126,2205,5533,5890,5128,6444,7536,8631
,,enchanter,6814,8354,4738,6644,6254,2672,9314,1304,3991,7923
,,builder,7243,8020,3023,6763,6837,9814,6068,5086,1676,9642
,,lumberjack,4371,5315,9103,3898,3585,8972,8556,7788,1215,2131
,,lumberjack,5297,4994,9123,1370,2123,6850,8757,4211,3076,1784
,,miner,9758,3279,6346,7829,5954,5334,2564,9070,6464,3671
,,miner,9009,1113,7855,2565,7698,3139,8892,3810,4056,1925
,,farmer,8084,9331,1568,3518,8170,1025,7960,6177,2696,7875
,,builder,8479,8386,5222,2205,9431,9875,3831,7185,5808,4347
,,enchanter,4501,5038,7832,6097,6593,6031,9933,8601,9245,5026
,,lumberjack,2096,5037,8105,3818,1859,8044,7035,1084,3029,3119
,,alchemist,7148,5429,4177,7499,6806,9398,1339,1853,9556,3946
,,hunter,4275,9799,2178,8719,9868,9059,2614,6690,5898,4505
,,builder,2040,7115,5624,5944,6905,8314,2775,4534,4263,5434
,,crafter,5447,3643,1034,6893,3219,7442,3993,7669,7385,4993
,,fisherman,1632,3311,5990,8759,7448,4458,6647,5098,3807,7475
,,farmer,3326,9723,7847,3437,1674,9361,5919,7186,4706,5084
,,alchemist,9522,8605,5382,9048,1315,2427,8128,6019,9891,4252
,,lumberjack,6169,1351,9447,9415,8047,7137,3950,6613,8539,4584
,,miner,9986,9408,5180,4869,6446,6530,8500,9269,3470,6557
,,animal breeder,1332,7246,1648,2547,5564,7053,2354,8964,5620,9432
,,enchanter,3691,2492,5214,6153,8631,5160,9837,8232,4762,5042
,,farmer,3211,8821,7826,4352,1694,5583,4697,6105,5114,6216
,,fisherman,7189,3547,2238,9986,6638,4682,1855,7631,6960,8153
,,crafter,1191,7596,1758,2344,6679,1749,7980,8049,2309,2817
,,builder,5266,4160,6766,1232,5435,8537,5623,1240,3705,1200
,,alchemist,6168,3851,4652,6782,1289,2413,8432,4259,9879,3008
,,builder,6790,5874,6570,3929,3279,9530,2196,1348,3825,2660
,,alchemist,9772,5967,1978,5520,9827,3196,1783,2929,9859,6792
,,enchanter,3247,5129,9347,3222,4849,8774,9790,3831,8996,2017
,,miner,9398,5188,2562,5097,1843,3499,8580,2733,5607,5028
,,enchanter,1290,3568,7569,5788,7172,7302,8250,8106,3192,1300
,,lumberjack,2103,6691,9223,4633,6729,6337,8940,5411,2492,1521
,,lumberjack,1010,5978,9974,2298,8646,6571,5315,3197,4244,4698
,,hunter,1032,4424,4725,2118,9725,1024,1610,6161,9410,2722
,,fisherman,8907,8001,2519,9677,8136,5565,5828,5947,4604,6322
,,builder,2507,3372,4153,3737,4568,9388,4887,1070,7939,6915
,,animal breeder,2620,1989,5841,6446,3315,6905,6602,5525,2905,9817
,,hunter,6913,2279,3197,2519,7918,1765,2060,7711,7492,7529
,,crafter,2655,8066,8819,9132,6261,6335,3441,9912,5157,5620
,,fisherman,6129,3235,1094,7650,2673,1765,2776,1426,1647,3489
,,farmer,7005,9685,5571,9343,7143,6134,7580,4857,1748,7024
,,enchanter,5541,4285,1465,1088,6309,5925,9661,7429,1658,2884
,,crafter,4509,8155,4974,6177,5037,5908,6189,9381,4969,8743
,,alchemist,7907,1394,1844,9223,7419,5817,6508,8955,9681,3286
,,hunter,7722,3475,3864,7057,8923,6487,7666,4265,5602,3684
,,enchanter,3337,2852,9260,8192,7011,7806,9290,1464,6720,3654
,,farmer,6322,7685,2397,5212,6203,4223,2455,3731,7513,3765
,,alchemist,7386,8709,2260,7567,7449,8317,1596,4513,9368,3004
,,farmer,5193,9547,1422,6889,9131,7303,2586,1807,5471,3582
,,fisherman,1255,9546,4113,9575,1569,2806,9349,8531,7824,1300
,,lumberjack,8377,5985,9375,2476,5045,7423,2506,2665,1459,5745
,,miner,8647,4224,3597,5173,5076,3767,7782,7582,8353,3842
,,farmer,4911,9263,3089,6484,5100,1895,4468,2421,6169,3448
,,enchanter,9266,7232,3789,5726,1237,4238,9613,5164,9014,7210
,,miner,9817,4744,8342,7399,9164,2789,7228,8031,5015,2219
,,animal breeder,3456,2261,7266,3758,3355,7510,2885,2944,1714,8445
,,crafter,1937,5449,9154,3666,5876,7204,3709,9402,8370,4875
,,lumberjack,3629,8895,9849,6033,5053,6839,5484,7700,1279,3826
,,miner,9462,3843,4795,5654,2220,6296,5857,7677,7647,1609
,,miner,7292,6122,4539,3172,2546,6549,3681,4519,7072,7212
,,miner,7497,3070,5752,6049,6116,5531,5797,1223,1332,6899
,,enchanter,7376,9145,8749,4336,5458,5880,9719,2097,3739,2320
,,farmer,4554,8827,6162,2843,5696,5077,2845,6015,7467,8328
,,lumberjack,7836,6158,9088,5655,7025,8205,2757,7281,3641,7715
,,alchemist,9224,7172,3897,4971,9080,5628,3669,5557,9383,4616
,,hunter,5419,1282,3899,7004,9762,2873,1956,9342,6442,5392
,,builder,6689,8512,5882,4784,4176,9043,6875,4225,7218,8620
,,builder,8423,4956,2189,2038,5219,9241,7522,1019,2102,3254
,,farmer,7110,9899,3481,9788,4780,1067,5637,8758,6204,4992
,,farmer,4562,8893,8843,2398,2147,3803,7724,6930,3382,7621
,,alchemist,2548,8248,4932,3151,7439,6257,4688,5325,9779,4907
,,crafter,1626,6735,7172,8224,8937,7039,6923,9570,7447,5757
,,lumberjack,1605,3168,9722,8152,9295,1337,3177,3127,5283,6067
,,miner,8906,3968,1390,1610,6484,1460,2319,8594,8215,2806
,,enchanter,2652,2794,8166,5280,1957,4687,9149,4375,8349,8428
,,alchemist,5871,2440,7478,4324,9059,1358,9094,1611,9140,2136
,,animal breeder,6477,9122,1220,3321,8713,1716,2278,4106,1772,9776
,,enchanter,5156,9380,1767,7878,4567,7514,9939,5898,4532,4696
,,lumberjack,3438,4298,9842,6978,7904,3981,6347,8197,3388,3111
,,farmer,6364,9137,6590,8760,7438,2903,5893,1574,8953,1152
,,farmer,6644,8834,3738,5134,4921,1075,8445,3982,1236,3224
,,animal breeder,2777,7777,4158,4083,3417,3964,6213,2166,4956,9490
,,animal breeder,2219,3341,9397,4147,7362,3098,6068,9367,9311,9615
,,alchemist,2620,1864,5864,6230,2281,3020,5118,3703,7889,7277
,,miner,5971,2274,3523,2523,1178,2786,2265,2366,4229,1870
,,alchemist,2135,3055,5891,8611,2255,7439,6915,1249,9345,5695
,,hunter,7637,9199,7647,4361,9440,6191,2955,4734,7392,4638
,,enchanter,5078,7462,5583,7829,9415,2524,9536,4184,8912,3660
,,crafter,6828,5520,9312,5702,1060,9481,9733,9795,9297,6436
,,enchanter,3045,1067,9367,9334,4678,8490,9436,2913,1534,4151
,,enchanter,4682,7879,4011,4015,7483,2455,9782,6286,4417,8459
,,fisherman,8756,1502,1499,9396,7166,3397,6989,9214,4963,8410
,,hunter,9381,4465,2290,5099,9542,2250,6221,4602,8064,5018
,,fisherman,5212,2993,1214,9962,3148,7689,1638,7785,4703,2752
,,builder,3196,9206,5189,4708,2877,9704,7969,8192,3698,2591
,,lumberjack,6707,3575,9648,1507,5752,7062,8169,6177,4087,2597
,,miner,9860,5284,5699,3661,6013,8891,8692,3529,4933,4976
,,fisherman,3094,4909,4747,8202,2692,4228,4117,7020,4525,5881
,,animal breeder,4654,4678,5900,3000,1302,8954,6436,4449,8100,9578
,,builder,4809,7591,3944,4743,3085,8515,4484,5571,3535,5781
,,farmer,1672,9396,2116,3433,3799,5102,2001,5326,1774,1870
,,enchanter,8823,8085,9761,6279,8690,8233,9817,7877,7437,6924
,,crafter,3066,8740,4938,2712,5784,8687,9643,9841,2990,8999
,,animal breeder,1957,6021,4072,3730,6990,5790,2649,1648,6038,9845
,,builder,4997,2053,2433,2697,6857,7369,6567,6111,1554,7004
,,fisherman,3930,3980,3245,8791,8198,4811,5894,5780,6754,7333
,,lumberjack,7817,6610,9129,6140,5730,9077,5750,5259,1636,8574
,,miner,9276,7213,7683,1160,9176,8038,9086,4411,6128,1738
,,alchemist,3969,2433,1922,5396,3697,2091,5604,3502,7210,3560
